11	Customer #1	street #1	Madrid	SP	
12	Customer #2	street #2	Madrid	SP	01/01/1900
13	Customer #3	street #3	Madrid	SP	01/01/1900
14	Customer #4	street #4	Madrid	SP	
15	Customer #5	street #5	Madrid	SP	01/01/1900
16	Customer #6	street #6	Madrid	SP	
17	Customer #7	street #7	Madrid	SP	01/01/1900
18	Customer #8	street #8	Madrid	SP	
19	Customer #9	street #9	Madrid	SP	01/01/1900
20	Customer #10	street #10	Madrid	SP	
21	Customer #11	street #11	Madrid	SP	
22	Customer #12	street #12	Madrid	SP	
23	Customer #13	street #13	Madrid	SP	01/01/1900
24	Customer #14	street #14	Madrid	SP	01/01/1900
25	Customer #15	street #15	Madrid	SP	
26	Customer #16	street #16	Madrid	SP	
27	Customer #17	street #17	Madrid	SP	01/01/1900
28	Customer #18	street #18	Madrid	SP	01/01/1900
29	Customer #19	street #19	Madrid	SP	01/01/1900
30	Customer #20	street #20	Madrid	SP	
31	Customer #21	street #21	Madrid	SP	01/01/1900
32	Customer #22	street #22	Madrid	SP	
33	Customer #23	street #23	Madrid	SP	01/01/1900
34	Customer #24	street #24	Madrid	SP	01/01/1900
35	Customer #25	street #25	Madrid	SP	
36	Customer #26	street #26	Madrid	SP	01/01/1900
37	Customer #27	street #27	Madrid	SP	
38	Customer #28	street #28	Madrid	SP	
39	Customer #29	street #29	Madrid	SP	01/01/1900
40	Customer #30	street #30	Madrid	SP	
41	Customer #31	street #31	Madrid	SP	01/01/1900
42	Customer #32	street #32	Madrid	SP	
43	Customer #33	street #33	Madrid	SP	
44	Customer #34	street #34	Madrid	SP	
45	Customer #35	street #35	Madrid	SP	01/01/1900
46	Customer #36	street #36	Madrid	SP	01/01/1900
47	Customer #37	street #37	Madrid	SP	
48	Customer #38	street #38	Madrid	SP	
49	Customer #39	street #39	Madrid	SP	01/01/1900
50	Customer #40	street #40	Madrid	SP	01/01/1900
51	Customer #41	street #41	Madrid	SP	01/01/1900
52	Customer #42	street #42	Madrid	SP	
53	Customer #43	street #43	Madrid	SP	
54	Customer #44	street #44	Madrid	SP	01/01/1900
55	Customer #45	street #45	Madrid	SP	
56	Customer #46	street #46	Madrid	SP	
57	Customer #47	street #47	Madrid	SP	
58	Customer #48	street #48	Madrid	SP	01/01/1900
59	Customer #49	street #49	Madrid	SP	01/01/1900
60	Customer #50	street #50	Madrid	SP	
61	Customer #51	street #51	Madrid	SP	01/01/1900
62	Customer #52	street #52	Madrid	SP	
63	Customer #53	street #53	Madrid	SP	01/01/1900
64	Customer #54	street #54	Madrid	SP	
65	Customer #55	street #55	Madrid	SP	01/01/1900
66	Customer #56	street #56	Madrid	SP	01/01/1900
67	Customer #57	street #57	Madrid	SP	01/01/1900
68	Customer #58	street #58	Madrid	SP	
69	Customer #59	street #59	Madrid	MG	
70	Customer #60	street #60	Madrid	SP	01/01/1900
71	Customer #61	street #61	Madrid	SP	
72	Customer #62	street #62	Madrid	SP	
73	Customer #63	street #63	Madrid	SP	
74	Customer #64	street #64	Madrid	SP	
75	Customer #65	street #65	Madrid	SP	01/01/1900
76	Customer #66	street #66	Madrid	SP	
77	Customer #67	street #67	Madrid	SP	01/01/1900
78	Customer #68	street #68	Madrid	SP	01/01/1900
79	Customer #69	street #69	Madrid	SP	01/01/1900
80	Customer #70	street #70	Madrid	SP	01/01/1900
81	Customer #71	street #71	Madrid	SP	
82	Customer #72	street #72	Madrid	SP	01/01/1900
83	Customer #73	street #73	Madrid	SP	01/01/1900
84	Customer #74	street #74	Madrid	SP	01/01/1900
85	Customer #75	street #75	Madrid	SP	01/01/1900
86	Customer #76	street #76	Madrid	SP	
87	Customer #77	street #77	Madrid	SP	01/01/1900
88	Customer #78	street #78	Madrid	SP	
89	Customer #79	street #79	Madrid	SP	
90	Customer #80	street #80	Madrid	SP	
91	Customer #81	street #81	Madrid	SP	
92	Customer #82	street #82	Madrid	SP	01/01/1900
93	Customer #83	street #83	Madrid	SP	
94	Customer #84	street #84	Madrid	SP	
95	Customer #85	street #85	Madrid	SP	01/01/1900
96	Customer #86	street #86	Madrid	SP	01/01/1900
97	Customer #87	street #87	Madrid	SP	
98	Customer #88	street #88	Madrid	SP	01/01/1900
99	Customer #89	street #89	Madrid	SP	01/01/1900
100	Customer #90	street #90	Madrid	SP	01/01/1900
101	Customer #91	street #91	Madrid	SP	01/01/1900
102	Customer #92	street #92	Madrid	SP	
103	Customer #93	street #93	Madrid	SP	
104	Customer #94	street #94	Madrid	SP	01/01/1900
105	Customer #95	street #95	Madrid	SP	01/01/1900
106	Customer #96	street #96	Madrid	SP	
107	Customer #97	street #97	Madrid	SP	
108	Customer #98	street #98	Madrid	SP	01/01/1900
109	Customer #99	street #99	Madrid	SP	
110	Customer #100	street #100	Madrid	SP	
111	Customer #101	street #101	Madrid	SP	
112	Customer #102	street #102	Madrid	SP	
113	Customer #103	street #103	Madrid	SP	
114	Customer #104	street #104	Madrid	SP	
115	Customer #105	street #105	Madrid	SP	
116	Customer #106	street #106	Madrid	SP	01/01/1900
117	Customer #107	street #107	Madrid	SP	01/01/1900
118	Customer #108	street #108	Madrid	SP	
119	Customer #109	street #109	Madrid	SP	01/01/1900
120	Customer #110	street #110	Madrid	SP	01/01/1900
121	Customer #111	street #111	Madrid	SP	
122	Customer #112	street #112	Madrid	SP	
123	Customer #113	street #113	Madrid	SP	
124	Customer #114	street #114	Madrid	SP	
125	Customer #115	street #115	Madrid	SP	01/01/1900
126	Customer #116	street #116	Madrid	SP	01/01/1900
127	Customer #117	street #117	Madrid	SP	01/01/1900
128	Customer #118	street #118	Madrid	SP	
129	Customer #119	street #119	Madrid	SP	01/01/1900
130	Customer #120	street #120	Madrid	SP	01/01/1900
131	Customer #121	street #121	Madrid	SP	
132	Customer #122	street #122	Madrid	SP	01/01/1900
133	Customer #123	street #123	Madrid	SP	
134	Customer #124	street #124	Madrid	SP	01/01/1900
135	Customer #125	street #125	Madrid	SP	01/01/1900
136	Customer #126	street #126	Madrid	SP	
137	Customer #127	street #127	Madrid	SP	01/01/1900
138	Customer #128	street #128	Madrid	SP	
139	Customer #129	street #129	Madrid	SP	
140	Customer #130	street #130	Madrid	SP	01/01/1900
141	Customer #131	street #131	Madrid	SP	
142	Customer #132	street #132	Madrid	SP	01/01/1900
143	Customer #133	street #133	Madrid	SP	01/01/1900
144	Customer #134	street #134	Madrid	SP	
145	Customer #135	street #135	Madrid	SP	01/01/1900
146	Customer #136	street #136	Madrid	SP	
